{
  "intents": [
    {"intent": "WelcomeIntent", "slots": [{"name" : "option", "type": "LIST_OF_OPTIONS"}]},
    {"intent": "TimesTablesIntent", "slots": [{"name": "number", "type": "AMAZON.NUMBER"}]},
    {"intent": "DetermineIntent", "slots": [{"name": "number", "type": "AMAZON.NUMBER"}]},
    {"intent": "AnswerIntent", "slots": [{"name": "number", "type": "AMAZON.NUMBER"}]},
    {"intent": "AMAZON.HelpIntent"},
    {"intent": "AMAZON.StopIntent"},
    {"intent": "AMAZON.CancelIntent"}
  ]
}
